<?xml version="1.0" encoding="iso-8859-1"?>
<mosinstall type="template" version="4.5.1">
	<name>redportal</name>
	<creationDate></creationDate>
	<author>joomladesigns</author>
	<copyright>http://www.joomladesigns.co.uk</copyright>
	<authorEmail>team@joomladesigns.co.uk</authorEmail>
	<authorUrl>http://www.joomladesigns.co.uk</authorUrl>
	<version>1.08</version>
	<description>Redportal is a clean, fixed size 3 column template. Right column hides when empty.</description>
<files>
	<filename>index.php</filename>
	<filename>menu.php</filename>
	<filename>templateDetails.xml</filename>
	<filename>template_thumbnail.png</filename>
</files>
<images>
	<filename>images/bg.gif</filename>
	<filename>images/bottom.gif</filename>
	<filename>images/bottomline.gif</filename>
	<filename>images/graybar.gif</filename>
	<filename>images/indent1.png</filename>
	<filename>images/leftrule.gif</filename>
	<filename>images/logo.gif</filename>
	<filename>images/module.jpg</filename>
	<filename>images/modulebg.gif</filename>
	<filename>images/moduleheader.gif</filename>
	<filename>images/moduleheader.png</filename>
	<filename>images/pathway.gif</filename>
	<filename>images/pathway.png</filename>
	<filename>images/readmore.gif</filename>
	<filename>images/readmore.png</filename>
	<filename>images/spacer.gif</filename>
	<filename>images/Thumbs.db</filename>
	<filename>images/top.gif</filename>
</images>
<css>
<filename>css/layout_css.css</filename>
	<filename>css/template_css.css</filename>
</css>
</mosinstall>