<?xml version="1.0" encoding="iso-8859-1"?>
<mosinstall type="template" version="4.5.1">
	<name>purpleglow</name>
	<creationDate></creationDate>
	<author>joomladesigns</author>
	<copyright>(c) 2006</copyright>
	<authorEmail>team@joomladesigns.co.uk</authorEmail>
	<authorUrl>http://www.joomladesigns.co.uk</authorUrl>
	<version>1.1</version>
	<description>purpleglow template for joomla developed and released by  http://www.joomladesigns.co.uk copyright 2007</description>
<files>
	<filename>index.php</filename>
	<filename>templateDetails.xml</filename>
	<filename>template_thumbnail.png</filename>
</files>
<images>
	<filename>images/back.gif</filename>
	<filename>images/bg.jpg</filename>
	<filename>images/bullet.jpg</filename>
	<filename>images/header.jpg</filename>
	<filename>images/headerbg.jpg</filename>
	<filename>images/inputboxbg.jpg</filename>
	<filename>images/logo.jpg</filename>
	<filename>images/mod_header_bg.jpg</filename>
	<filename>images/space.gif</filename>
	<filename>images/spacer.gif</filename>
	<filename>images/topmenubg.jpg</filename>
	<filename>images/topmenuhover.jpg</filename>
</images>
<css>
	<filename>css/layout_css.css</filename>
	<filename>css/template_css.css</filename>
</css>
</mosinstall>