<?xml version="1.0" encoding="iso-8859-1"?>
<mosinstall type="template" version="4.5.1">
	<name>capture</name>
	<creationDate></creationDate>
	<author>joomladesigns.co.uk</author>
	<copyright>(c) www.joomladesigns.co.uk 2007</copyright>
	<authorEmail>team@joomladesigns.co.uk</authorEmail>
	<authorUrl>http://www.joomladesigns.co.uk</authorUrl>
	<version>1.0.0</version>
	<description>This \'capture\' commercial template can NOT be resold or redistributed ONLY by Joomladesigns.co.uk copyright 2007</description>
<files>
	<filename>index.php</filename>
	<filename>md_stylechanger.js</filename>
	<filename>templateDetails.xml</filename>
	<filename>template_thumbnail.png</filename>
</files>
<images>
	<filename>images/a_active.gif</filename>
	<filename>images/a_link.gif</filename>
	<filename>images/cl.gif</filename>
	<filename>images/com_header.gif</filename>
	<filename>images/cr.gif</filename>
	<filename>images/emailButton.png</filename>
	<filename>images/globe.jpg</filename>
	<filename>images/h3_01.gif</filename>
	<filename>images/h3_02.gif</filename>
	<filename>images/h3_03.gif</filename>
	<filename>images/h_bg.gif</filename>
	<filename>images/indent1.png</filename>
	<filename>images/larger.gif</filename>
	<filename>images/logo.gif</filename>
	<filename>images/newsflash_bg.gif</filename>
	<filename>images/newsflash_bg_left.gif</filename>
	<filename>images/newsflash_bg_right.gif</filename>
	<filename>images/orange_dot.gif</filename>
	<filename>images/pdf_button.png</filename>
	<filename>images/printButton.png</filename>
	<filename>images/reset.gif</filename>
	<filename>images/right_top_bg.gif</filename>
	<filename>images/right_top_bg.jpg</filename>
	<filename>images/right_top_left_bg.gif</filename>
	<filename>images/smaller.gif</filename>
	<filename>images/top_logo_bg.jpg</filename>
</images>
<css>
	<filename>css/template_css.css</filename>
</css>
</mosinstall>