<?xml version="1.0" encoding="iso-8859-1"?>
<mosinstall type="template">
	<name>Kaleidoscope</name>
	<creationDate>04/04/2006</creationDate>
	<author>http://www.mambodesign.co.uk</author>
	<copyright>Template is copyright of www.mambodesign.co.uk</copyright>
	<description>Kaleidoscope is a pure xhtml/css fast load template for Mambo</description>
	<authorEmail>templates@mambodesign.co.uk</authorEmail>
	<authorUrl>http://www.mambodesign.co.uk</authorUrl>
	<version>1.0</version>
	<files>
		<filename>index.php</filename>
		<filename>template_thumbnail.png</filename>
	</files>
	<images>
	  <filename>images/dotted.gif</filename>
	  <filename>images/left.gif</filename>
	  <filename>images/right.gif</filename>
	</images>
	<css>
		<filename>css/style.css</filename>
	</css>
</mosinstall>


