<?xml version="1.0" encoding="iso-8859-1"?>
<mosinstall type="template" version="4.5.1">
	<name>blogger_red</name>
	<creationDate></creationDate>
	<author>JoomlaDesigns.co.uk</author>
	<copyright>(c) www.joomladesigns.co.uk 2006</copyright>
	<authorEmail>team@www.joomladesigns.co.uk</authorEmail>
	<authorUrl>http://www.joomladesigns.co.uk</authorUrl>
	<version>1.0.0</version>
	<description>blogger template is a joomla template developed and released by www.joomladesigns.co.uk copyright 2007. This commercial template can NOT be resold or redistributed ONLY by Joomladesigns.co.uk</description>
<files>
	<filename>index.php</filename>
	<filename>templateDetails.xml</filename>
	<filename>template_thumbnail.png</filename>
</files>
<images>
	<filename>images/bullet.png</filename>
<filename>images/footer_line.gif</filename>
<filename>images/main_bg.gif</filename>
<filename>images/mod_header_bg.jpg</filename>
<filename>images/modulebg.jpg</filename>
<filename>images/modulefooter.jpg</filename>
<filename>images/s_bottom_bg.gif</filename>
<filename>images/s_top_bg.gif</filename>
<filename>images/top_bg.jpg</filename>
</images>
<css>
	<filename>css/template_css.css</filename>
<filename>css/layout_css.css</filename>
</css>
</mosinstall>